PDB code;smiles;seq
1fpi;Nc1ncnc2c1ncn2C1OC(CO[P+](=O)(=O)[O-])C(O)C1O;NIVTLTRFVMEQGRKARGTGEMTQLLNSLCTAVKAISTAVRKAGIAHLYGIAGKLDVLSNDLVINVLKSSFATCVLVTEEDKNAIIVEPEKRGKYVVCFDPLDGSSNIDCLVSIGTIFGIYRKNSTDEPSEKDALQPGRNLVAAGYALYGSATMLVLAMVNGVNCFMLDPAIGEFILVDRNVKIKKKGSIYSINEGYAKEFDPAITEYIQRKKFPPDNSAPYGARYVGSMVADVHRTLVYGGIFMYPANKKSPKGKLRLLYECNPMAYVMEKAGGLATTGKEAVLDIVPTDIHQRAPIILGSPEDVTELLEIYQKHA
1fta;Nc1ncnc2c1ncn2C1OC(CO[P+](=O)(=O)[O-])C(O)C1O;DVVTLTRFVMEEGRKARGTGELTQLLNSLCTAVKAISSAVRKAGIAHLYGIAGVKKLDVLSNDLVMNMLKSSFATCVLVSEEDKHAIIVEPEKRGKYVVCFDPLDGSSNIDCLVSVGTIFGIYRKKSTDEPSEKDALQPGRNLVAAGYALYGSATMLVLAMDCGVNCFMLDPAIGEFILVDKDVKIKKKGKIYSLNEAYAKDFDPAVTEYIQRKKFPPDNSAPYGARYVGSMVADVHRTLVYGGIFLYPANKKSPNGKLRLLYECNPMAYVMEKAGGMATTGKEAVLDVIPTDIHQRAPIILGSPDDVLEFLKVYEKHS
1pyg;Nc1ncnc2c1ncn2C1OC(CO[P+](=O)(=O)[O-])C(O)C1O;RKQISVRGLAGVENVTELKKNFNRHLHFTLVKDRNVATPRDYYFALAHTVRDHLVGRWIRTQQHYYEKDPKRIYYLSLEFYMGRTLQNTMVNLALENACDEATYQLGLDMEELEEIEEDAGLGNGGLGRLAACFLDSMATLGLAAYGYGIRYEFGIFNQKICGGWQMEEADDWLRYGNPWEKARPEFTLPVHFYGRVEHTSQGAKWVDTQVVLAMPYDTPVPGYRNNVVNTMRLWSAKAPQAVLDRNLAENISKELRLKQEYFVVAATLQDIIRRFKSSKFGCRDPVRTNFDAFPDKVAIQLNDTHPSLAIPELMRVLVDLERLDWDKAWEVTVKTCAYTNHTVLPEALERWPVHLLETLLPRHLQIIYEINQRFLNRVAAAFPGDVDRLRRMSLVEEGAVKRINMAHLCIAGSHAVNGVARIHSEILKKTIFKDFYELEPHKFQNKTNGITPRRWLVLCNPGLAEIIAERIGEEYISDLDQLRKLLSYVDDEAFIRDVAKVKQENKLKFAAYLEREYKVHINPNSLFDVQVKRIHEYKRQLLNCLHVITLYNRIKKEPNKFVVPRTVMIGGKAAPGYHMAKMIIKLITAIGDVVNHDPVVGDRLRVIFLENYRVSLAEKVIPAADLSEQISTAGTEASGTGNMKFMLNGALTIGTMDGANVEMAEEAGEENFFIFGMRVEDVDRLDQRGYNAQEYYDRIPELRQIIEQLSSGFFSPKQPDLFKDIVNMLMHHDRFKVFADYEEYVKCQERVSALYKNPREWTRMVIRNIATSGKFSSDRTIAQYAREIWGVEPSRQRLPA
1ua4;Nc1ncnc2c1ncn2C1OC(CO[P+](=O)(=O)[O-])C(O)C1O;PTWEELYKNAIEKAIKSVPKVKGVLLGYNTNIDAIKYLDSKDLEERIIKAGKEEVIKYSEELPDKINTVSQLLGSILWSIRRGKAAELFVESCPVRFYMKRWGWNELRMGGQAGIMANLLGGVYGVPVIVHVPQLSRLQANLFLDGPIYVPTLENGEVKLIHPKEFSGDEENCIHYIYEFPRGFRVFEFEAPRENRFIGSADDYNTTLFIREEFRESFSEVIKNVQLAILSGLQALTKENYKEPFEIVKSNLEVLNEREIPVHLEFAFTPDEKVREEILNVLGMFYSVGLNEVELASIMEILGEKKLAKELLAHDPVDPIAVTEAMLKLAKKTGVKRIHFHTYGYYLALTEYKGEHVRDALLFAALAAAAKAMKGNITSLEEIREATSVPVNEKATQVEEKLRAEYGIKEGIGEVEGYQIAFIPTKIVAKPKSTVGIGDTISSSAFIGEFSFTL
1z6s;Nc1ncnc2c1ncn2C1OC(CO[P+](=O)(=O)[O-])C(O)C1O;KETAAAKFERQHMDSSTSAASSSNYCNQMMKSRNLTKDRCKPVNTFVHESLADVQAVCSQKNVACKNGQTNCYQSYSTMSITDCRETGSSKYPNCAYKTTQANKHIIVACEGNPYVPVHFDASV
2gmk;Nc1ncnc2c1ncn2C1OC(CO[P+](=O)(=O)[O-])C(O)C1O;QDWLTFQKKHITNTRDVDCDNIMSTNLFHCKDKNTFIYSRPEPVKAICKGIIASKNVLTTSEFYLSDCNVTSRPCKYKLKKSTNKFCVNCANQAPVHFVGVGSC
2gsu;Nc1ncnc2c1ncn2C1OC(CO[P+](=O)(=O)[O-])C(O)C1O;TPHALLLISIDGLRADMLDRGITPNLSHLAREGVRARWMAPSYPSLTFPNHYTLVTGLRPDHHGIVHNSMRDPTLGGFWLSKSEAVGDARWWGGEPVWVGVENTGQHAATWSWPGSEAAIKGVRPSQWRHYQKGVRLDTRVDAVRGWLATDGAQRNRLVTLYFEHVDEAGHDHGPESRQYADAVRAVDAAIGRLLAGMQRDGTRARTNIIVVSDHGMAEVAPGHAISVEDIAPPQIATAITDGQVIGFEPLPGQQAAAEASVLGAHDHYDCWRKAELPARWQYGSHPRIPSLVCQMHEGWDALFPDKLAKRAQRGTRGSHGYDPALPSMRAVFLAQGPDLAQGKTLPGFDNVDVYALMSRLLGIPAAPNDGNPATLLPALRM
2q8m;Nc1ncnc2c1ncn2C1OC(CO[P+](=O)(=O)[O-])C(O)C1O;MKTLGEFIVEKQHEFSHATGELTALLSAIKLGAKIIHRDINKAGLFANEKLKAALKARDIVAGIASEEEDEIVVFEGCEHAKYVVLMDPLDGSSNIDVNVSVGTIFSIYRRVTPVGTPVTEEDFLQPGNKQVAAGYVVYGSSTMLVYTTGCGVHAFTYDPSLGVFCLCQERMRFPEKGKTYSINEGNYIKFPNGVKKYIKFCQEEDKSTNRPYTSRYIGSLVADFHRNLLKGGIYLYPSTASHPDGKLRLLYECNPMAFLAEQAGGKASDGKERILDIIPETLHQRRSFFVGNDHMVEDVERFIREFPDA
2qrk;Nc1ncnc2c1ncn2C1OC(CO[P+](=O)(=O)[O-])C(O)C1O;AVTLHLRAETKPLEARAALTPTTVKKLIAKGFKIYVEDSPQSTFNINEYRQAGAIIVPAGSWKTAPRDRIIIGLKEMPETDTFPLVHEHIQFAHCYKDQAGWQNVLMRFIKGHGTLYDLEFLENDQGRRVAAFGFYAGFAGAALGVRDWAFKQTHSDDEDLPAVSPYPNEKALVKDVTKDYKEALATGARKPTVLIIGALGRCGSGAIDLLHKVGIPDANILKWDIKETSRGGPFDEIPQADIFINCIYLSKPIAPFTNMEKLNNPNRRLRTVVDVSADTTNPHNPIPIYTVATVFNKPTVLVPTTAGPKLSVISIDHLPSLLPREASEFFSHDLLPSLELLPQRKTAPVWVRAKKLFDRHCARV
2vfk;Nc1ncnc2c1ncn2C1OC(CO[P+](=O)(=O)[O-])C(O)C1O;YQPNYFLSIPITNKKITAGIKVLQNSILRQDNRLTKAMVGDGSFHITLLVMQLLNEDEVNIGTDALLELKPFVEEILEGKHLTLPFHGIGTFQGQVGFVKLADGDHVSALLEIAETAKRTFQEKGILAGESRTFKPHLTFMKLSKAPMLWKKGVRKIEPGLYEQFIDHRFGEEILYQIDLCSMLKKKQSNGYYHCESSIVIGEKD
3tdh;Nc1ncnc2c1ncn2C1OC(CO[P+](=O)(=O)[O-])C(O)C1O;STVSILPTSLPQIHRANMLAQGSPAASKISPLVTKKSKTRWHFGIRSRSYPLDVMGEIYIALKNLGAEWAKPSEEDLWTIKLRWKYIPDLMKMVIQLFQIETNNYLVDFKFDGWESSTFSAYPFLHLTTKLIMELAVNS
4cs9;Nc1ncnc2c1ncn2C1OC(CO[P+](=O)(=O)[O-])C(O)C1O;RKAPCKYEVRGKCNRGSECKFNHNYWSWPDRYLLIRSNYLLNQLLRNTDRGREDRTQDFVLGSTNVVQGYIDDNQSITKAAACYSLHNIIKQLQEVEVRQARDNKLSDSKHVALHNLVLSYMEMSKTPASLINNLKRLPREKLKKLAKLIIDLSAGAE
4g0y;Nc1ncnc2c1ncn2C1OC(CO[P+](=O)(=O)[O-])C(O)C1O;SNKKMINGGTVNNWICINFSRQVQDNLARTFCQELAQMCYVSGMAFNPEPVLPPVSARPEQVEKVLKTRYHDATSKLSQGKEIDLLIVILPDNNGSLYGDLKRICETELGIVSQCCLTKHVFKMSKQYMANVALKINVKVGGRNTVL
4lqy;Nc1ncnc2c1ncn2C1OC(CO[P+](=O)(=O)[O-])C(O)C1O;LPPKLLLVSFDGFRADYLKNYEFPHLQNFIKEGVLVEHVKNVFITKTFPNHYSIVTGLYEESHGIVANSMYDAVTKKHFSDSNDKDPFWWNEAVPIWVTNQLQENRSSAAAMWPGTDVPIHDTISSYFMNYNSSVSFEERLNNITMWLNNSNPPVTFATLYWEEPDASGHKYGPEDKENMSRVLKKIDDLIGDLVQRLKMLGLWENLNVIITSDHGMTQCSQDRLINLDSCIDHSYYTLIDLSPVAAILPKINRTEVYNKLKNCSPHMNVYLKEDIPNRFYYQHNDRIQPIILVADEGWTIVLNESSQKLGDHGYDNSLPSMHPFLAAHGPAFHKGYKHSTINIVDIYPMMCHILGLKPHPNNGTFGHTKCLLVDQWCI
4ozl;Nc1ncnc2c1ncn2C1OC(CO[P+](=O)(=O)[O-])C(O)C1O;DLPNDGGIKLVMAIIRPDKLADVKTALAEVGAPSLTVTNVSGRGSDLHQKVKVECVVADTPAEDVADAIADAAHTGEKGDGKIFILPVENAIQVRTGKTGRDAV
4qfg;Nc1ncnc2c1ncn2C1OC(CO[P+](=O)(=O)[O-])C(O)C1O;GRVKIGHYILGDTLGVGTFGKVKVGKHELTGHKVAVKILNRQKIRSLDVVGKIRREIQNLKLFRHPHIIKLYQVISTPSDIFMVMEYVSGGELFDYICKNGRLDEKESRRLFQQILSGVDYCHRHMVVHRDLKPENVLLDAHMNAKIADFGLSNMMSDGEFLRTSCGSPNYAAPEVISGRLYAGPEVDIWSSGVILYALLCGTLPFDDDHVPTLFKKICDGIFYTPQYLNPSVISLLKHMLQVDPMKRATIKDIREHEWFKQDLPKYLFPWHLGIRSQSRPNDIMAEVCRAIKQLDYEWKVVNPYYLRVRRKNPVTSTFSKMSLQLYQVDSRTYLLDFRSIDDERPGSHTIEFFEMCANLIKILAQ
4wyp;Nc1ncnc2c1ncn2C1OC(CO[P+](=O)(=O)[O-])C(O)C1O;KETAAAKFERQHMDSSTSAASSSNYCNQMMKSRNLTKDRCKPVNTFVHESLADVQAVCSQKNVACKNGQTNCYQSYSTMSITDCRETGSSKYPNCAYKTTQANKHIIVGCEGNPYVPVHFDASV
4zmf;Nc1ncnc2c1ncn2C1OC(CO[P+](=O)(=O)[O-])C(O)C1O;ISSETGEMGILWEFDPIINKWIRLSMKLKVERKPFAEGALREAYHTVSLGVGTDENYPLGTKLFPPIEMISPISKNNEAMTQLKNGTKFVLKLYKKEASRELYFEDVKMQMVCRDWGNKFNQKKPPKKIEFLMSWVVELIDRSPSSNGQPILCSIEPLLVGEFKKNNSNYGAVLTNRSTPQAFSHFTYELSNKQMIVVDIQGVDDLYTPQIHTPDGKGFGLGNLGKAGINKFITTHKCNAVCALLDLDVK
5f74;Nc1ncnc2c1ncn2C1OC(CO[P+](=O)(=O)[O-])C(O)C1O;TMDKSELVQKAKLAEQAERYDDMAAAMKAVTEQGHELSNEERNLLSVAYKNVVGARRSSWRVISSIEQKTNEKKQQMGKEYREKIEAELQDICNDVLELLDKYLILNATQAESKVFYLKMKGDYFRYLSEVASGENKQTTVSNSQQAYQEAFEISKKEMQPTHPIRLGLALNFSVFYYEILNSPEKACSLAKTAFDEAIAELDTLNEESYKDSTLIMQLLRDNLTLWTS
5klz;Nc1ncnc2c1ncn2C1OC(CO[P+](=O)(=O)[O-])C(O)C1O;GGDTIFGKIIRKEIPAKIIFEDDRCLAFHDISPQAPTHFLVIPKKHISQISVAEDDDESLLGHLMIVGKKCAADLGLNKGYRMVVNEGSDGGQSVYHVHLHVLGGRQMHWPPG
5o3r;Nc1ncnc2c1ncn2C1OC(CO[P+](=O)(=O)[O-])C(O)C1O;AKPANKLVIVTEKILLKKIAKIIDESGAKGYTVMNTGGKGDIEANIKFEILTETREMAEEIADRVAVKYFNDYAGIIYICSAEVLYGHTFCGPEGC
5ofu;Nc1ncnc2c1ncn2C1OC(CO[P+](=O)(=O)[O-])C(O)C1O;PTPTTLTQYIIKSQPPHSRGDFTLLMMAIQTSVKVIEKNIRRAGMKGMLGYIAGAKLDVISNIAFKAYLLSSTSVCVLGSEEEEQMIIAESGRRGDYLIFFDPLDGSSNIDANVSVGSIWGVWRLPKDTTINSVEDANAVIRMLKGTDMVSAGYAVYGSATNLVLTSGHGVDGFTLDPNIGEFILTHPHISIPKKRSIYSVNEGNYGKWEPWFKEYIDYLKMNKTTRYSARYIGSMVGDIHRTLLYGGIFCYPKDANQVEGKLRLLYEAAPMAMIVEQAGGKAVGSNGRILEQSITRLHQRTPVYFGSRQEVDLCMAFRDRN
5yz2;Nc1ncnc2c1ncn2C1OC(CO[P+](=O)(=O)[O-])C(O)C1O;ELALQRVRDIMIPRSQMITLKRNQTLDECLDVIIESAHSRFPVISEDKDHIEGILMAKDLLPFMRSDAEAFSMDKVLRQAVVVPESKRVDRMLKEFRSQRYHMAIVIDEFGGVSGLVTIEDILELIVGEIE
6fcl;Nc1ncnc2c1ncn2C1OC(CO[P+](=O)(=O)[O-])C(O)C1O;DSELQLVEQRIRSFPDFPTPGVVFRDISPVLKDPASFRAAIGLLARHLKATHGGRIDYIAGLDSRGFLFGPSLAQELGLGCVLIRKRGKLPGPTLWASYSLEYGKAELEIQKDALEPGQRVVVVDDLLATGGTMNAACELLGRLQAEVLECVSLVELTSLKGREKLAPVPFFSLLQYE
7gpb;Nc1ncnc2c1ncn2C1OC(CO[P+](=O)(=O)[O-])C(O)C1O;RKQISVRGLAGVENVTELKKNFNRHLHFTLVKDRNVATPRDYYFALAHTVRDHLVGRWIRTQQHYYEKDPKRIYYLSLEFYMGRTLQNTMVNLALENACDEATYQLGLDMEELEEIEEDAGLGNGGLGRLAACFLDSMATLGLAAYGYGIRYEFGIFNQKICGGWQMEEADDWLRYGNPWEKARPEFTLPVHFYGRVEHTSQGAKWVDTQVVLAMPYDTPVPGYRNNVVNTMRLWSAKAPNDFNLKDFNVGGYIQAVLDRNLAENISRVLYPNEGKELRLKQEYFVVAATLQDIIRRFKSSKFGCRDPVRTNFDAFPDKVAIQLNDTHPSLAIPELMRVLVDLERLDWDKAWEVTVKTCAYTNHTVIPEALERWPVHLLETLLPRHLQIIYEINQRFLNRVAAAFPGDVDRLRRMSLVEEGAVKRINMAHLCIAGSHAVNGVARIHSEILKKTIFKDFYELEPHKFQNKTNGITPRRWLVLCNPGLAEIIAERIGEEYISDLDQLRKLLSYVDDEAFIRDVAKVKQENKLKFAAYLEREYKVHINPNSLFDVQVKRIHEYKRQLLNCLHVITLYNRIKKEPNKFVVPRTVMIGGKAAPGYHMAKMIIKLITAIGDVVNHDPVVGDRLRVIFLENYRVSLAEKVIPAADLSEQISTAGTEASGTGNMKFMLNGALTIGTMDGANVEMAEEAGEENFFIFGMRVEDVDRLDQRGYNAQEYYDRIPELRQIIEQLSSGFFSPKQPDLFKDIVNMLMHHDRFKVFADYEEYVKCQERVSALYKNPREWTRMVIRNIATSGKFSSDRTIAQYAREIWGVEPSRQRLPAP
8gpb;Nc1ncnc2c1ncn2C1OC(CO[P+](=O)(=O)[O-])C(O)C1O;KQISVRGLAGVENVTELKKNFNRHLHFTLVKDRNVATPRDYYFALAHTVRDHLVGRWIRTQQHYYEKDPKRIYYLSLEFYMGRTLQNTMVNLALENACDEATYQLGLDMEELEEIEEDAGLGNGGLGRLAACFLDSMATLGLAAYGYGIRYEFGIFNQKICGGWQMEEADDWLRYGNPWEKARPEFTLPVHFYGRVEHTSQGAKWVDTQVVLAMPYDTPVPGYRNNVVNTMRLWSAKAPNDFNLKDFNVGGYIQAVLDRNLAENISRVLYPNDNFFEGKELRLKQEYFVVAATLQDIIRRFKSSKFGCRDPVRTNFDAFPDKVAIQLNDTHPSLAIPELMRVLVDLERLDWDKAWEVTVKTCAYTNHTVIPEALERWPVHLLETLLPRHLQIIYEINQRFLNRVAAAFPGDVDRLRRMSLVEEGAVKRINMAHLCIAGSHAVNGVARIHSEILKKTIFKDFYELEPHKFQNKTNGITPRRWLVLCNPGLAEIIAERIGEEYISDLDQLRKLLSYVDDEAFIRDVAKVKQENKLKFAAYLEREYKVHINPNSLFDVQVKRIHEYKRQLLNCLHVITLYNRIKKEPNKFVVPRTVMIGGKAAPGYHMAKMIIKLITAIGDVVNHDPVVGDRLRVIFLENYRVSLAEKVIPAADLSEQISTAGTEASGTGNMKFMLNGALTIGTMDGANVEMAEEAGEENFFIFGMRVEDVDRLDQRGYNAQEYYDRIPELRQIIEQLSSGFFSPKQPDLFKDIVNMLMHHDRFKVFADYEEYVKCQERVSALYKNPREWTRMVIRNIATSGKFSSDRTIAQYAREIWGVEPSRQRLPAPDEKIP
5nx9;Nc1ncnc2c1ncn2C1OC(CO[P+](=O)(=O)[O-])C(O)C1O;SPDSYRSPLASRYASPEMCFVFSDRYKFRTWRQLWLWLAEAEQTLGLPITDEQIQEMKSNLENIDFKMAAEEEKRLRHDVMAHVHTFGHCCPKAAGIIHLGATSCYVGDNTDLIILRNALDLLLPKLARVISRLADFAKERASLPTLGFTHFQPAQLTTVGKRCCLWIQDLCMDLQNLKRVRDDLRFRGVKGTTGTQASFLQLFEGDDHKVEQLDKMVTEKAGFKRAFIITGQTYTRKVDIEVLSVLASLGASVHKICTDIRLLANLKEMEEPFEKQQIGKRNPMRSERCCSLARHLMTLVMDPLQTASVQWFERTLDDSANRRICLAEAFLTADTILNTLQNISEGLVVYPKVIERRIRQELPFMATENIIMAMVKAGGSRQDCHEKIRVLSQQAASVVKQEGGDNDLIERIQADAYFSPIHSQLDHLLDPSSFTGRASQQVQRFLEEEVYPLLKPYESVMKVKA
6k4r;Nc1ncnc2c1ncn2C1OC(CO[P+](=O)(=O)[O-])C(O)C1O;VKQYYFARRGETSTHDTSLPPPVKVLSGRSIPLKEIPFEATRNELVQIYLTSIDKLIKSNKLNSIPSQQIASHYLFLRSLANSETDGIKKNQILSLAKPLGTYLASKEPHVWKMINELIEKSEYPIIHYLKNNRAHSNFMLALIHEYHKEPLTKNQSAFVQKFRDSSVFLFPNPIYTAWLAHSYDEDSSFNPMFRERLSTNFYHSTLTDNLLLRTEPKEVTLSSEHHYKKEKGPIDSSFRYQMSSDRLLRIQGRTLLFSTPQNDVVAVKVQKKGEPKSTLEEEFEMADYLLKHQRRLDVHSKLPQPLGQYSVKKSEILEISRGSLTLIDDSKDLEVYVYKAPQSYFTYLHDKNQDLEDLTASVKTNVHDLFVLLREGIVFPQLADIFHKGRYQALVQLLNVLQFQLGRIDKWQKAVEYVNLRSSGLADLGDSLPITSLFTSSDFTKHYFSELLTGGYHPTFFDKSSGTANSLFTGKRRLFGNYLYLNTIAEYLLVIQLTLGSYGDKVTRDMDKPKKEAVWRELANVMFTSCAEAIHIMTGIPQSRALTLLKQRANIEKHFRQTQFWMTPDYSKLDEDTLQMEQYSIYSGEPEYEFTDKLVSGVGLSVDGVHQDLGGYNRESPLRELEKLLYATVTLIEGTMQLDKEFFKQLEQVEKILSGEIKTDANSCFEAVAQLLDLARPGCHFQKRLVLSYYEEAKLKYPSAPTDAYDSRFQVVARTNAAITIQRFWR
6mmo;Nc1ncnc2c1ncn2C1OC(CO[P+](=O)(=O)[O-])C(O)C1O;SSQQVWKLVIITEEILLKKVSKIIKEAGASGYTVLAAAGEGSAYSNIKFEVLTASRELADQIQDKVVAKYFDDYSCITYISTVEALRAHKF
6sy7;Nc1ncnc2c1ncn2C1OC(CO[P+](=O)(=O)[O-])C(O)C1O;MLNSVTQEDLKVDRLPGADYPNPSKKYSSRTEFRDKTDYIMYNPRPRDEPSSENPVSVSPLLCELAAARSRIHFNPTETTIGIVTCGGICPGLNDVIRSITLTGINVYNVKRVIGFRFGYWGLSKKGSQTAIELHRGRVTNIHHYGGTILGSSRGPQDPKEMVDTLERLGVNILFTVGGDGTQRGALVISQEAKRRGVDISVFGVPKTIDNDLSFSHRTFGFQTAVEKAVQAIRAAYAEAVSANYGVGVVKLMGRDSGFIAAQAAVASAQANICLVPENPISEQEVMSLLERRFCHSRSCVIIVAEGFGQDWGLIDIGVILTEKVKAFLKANKSRYPDSTVKYIDPSYMIRACPPSANDALFCATLATLAVHEAMAGATGCIIAMRHNNYILVPIKVATSVRRVLDLRGQLWRQVREITVDLGSDVRLARKLEIRRELEAINRNRDRLHEELAKL
